UserID,UserName,Age,Gender
U00001,Riya Bose,41,Male
U00002,Sara Chatterjee,26,Female
U00003,Divya Menon,22,Female
U00004,Rahul Menon,43,Female
U00005,Aarav Joshi,13,Male
U00006,Ananya Verma,13,Male
U00007,Sneha Reddy,30,Male
U00008,Meera Pillai,22,Female
U00009,Aditi Nair,17,Female
U00010,Meera Iyer,33,Female
U00011,Divya Pillai,29,Male
U00012,Riya Menon,21,Female
U00013,Karan Kapoor,15,Female
U00014,Meera Iyer,34,Male
U00015,Aarav Gupta,32,Male
U00016,Ananya Pillai,26,Male
U00017,Ishaan Chatterjee,43,Male
U00018,Aditi Nair,17,Female
U00019,Vikram Kapoor,13,Male
U00020,Karan Chatterjee,20,Male
U00021,Priya Kapoor,26,Female
U00022,Ananya Kapoor,29,Male
U00023,Rohan Verma,24,Male
U00024,Kabir Bose,30,Male
U00025,Divya Das,15,Male
U00026,Karan Das,39,Female
U00027,Vikram Singh,26,Male
U00028,Sneha Chatterjee,37,Male
U00029,Devika Verma,30,Female
U00030,Ishaan Bose,31,Male
U00031,Ananya Sharma,32,Female
U00032,Divya Nair,31,Male
U00033,Rahul Singh,32,Male
U00034,Rahul Menon,38,Female
U00035,Kabir Gupta,28,Female
U00036,Ishaan Kapoor,33,Female
U00037,Vikram Chatterjee,26,Male
U00038,Karan Bose,39,Male
U00039,Ishaan Menon,20,Female
U00040,Aditi Sharma,43,Male
U00041,Aarav Iyer,26,Male
U00042,Arjun Chatterjee,14,Male
U00043,Aarav Bose,28,Male
U00044,Ananya Joshi,20,Female
U00045,Yusuf Das,34,Male
U00046,Sara Verma,21,Female
U00047,Sneha Iyer,22,Male
U00048,Devika Singh,13,Female
U00049,Ishaan Chatterjee,22,Female
U00050,Aditi Verma,13,Male
U00051,Arjun Menon,13,Female
U00052,Rohan Bose,33,Female
U00053,Neha Khan,34,Female
U00054,Arjun Reddy,30,Female
U00055,Yusuf Joshi,18,Female
U00056,Rahul Joshi,26,Female
U00057,Kabir Bose,26,Male
U00058,Priya Joshi,16,Male
U00059,Arjun Kapoor,40,Male
U00060,Vikram Rao,34,Male
U00061,Kabir Menon,25,Male
U00062,Divya Sharma,27,Male
U00063,Sara Pillai,28,Female
U00064,Ishaan Kapoor,13,Male
U00065,Yusuf Menon,24,Male
U00066,Divya Reddy,20,Female
U00067,Ananya Pillai,17,Male
U00068,Karan Gupta,24,Female
U00069,Riya Chatterjee,43,Male
U00070,Divya Menon,32,Other
U00071,Sneha Singh,21,Female
U00072,Yusuf Gupta,32,Male
U00073,Arjun Reddy,39,Male
U00074,Yusuf Das,35,Female
U00075,Arjun Iyer,27,Female
U00076,Divya Gupta,21,Female
U00077,Rohan Sharma,33,Female
U00078,Ishaan Menon,30,Male
U00079,Riya Verma,35,Male
U00080,Rohan Nair,32,Male
U00081,Vikram Kapoor,36,Female
U00082,Rahul Chatterjee,22,Female
U00083,Karan Bose,38,Male
U00084,Aditi Menon,28,Male
U00085,Meera Sharma,45,Male
U00086,Devika Chatterjee,20,Male
U00087,Yusuf Reddy,42,Female
U00088,Divya Singh,28,Female
U00089,Sneha Das,21,Female
U00090,Karan Khan,22,Male
U00091,Rahul Bose,24,Male
U00092,Ishaan Khan,30,Female
U00093,Rahul Rao,31,Female
U00094,Vikram Verma,21,Female
U00095,Vikram Pillai,26,Female
U00096,Sneha Menon,46,Male
U00097,Priya Rao,42,Female
U00098,Kabir Kapoor,30,Male
U00099,Rahul Iyer,27,Male
U00100,Ananya Reddy,28,Male
U00101,Rohan Gupta,32,Male
U00102,Aditi Pillai,17,Female
U00103,Meera Sharma,24,Male
U00104,Priya Iyer,13,Male
U00105,Devika Khan,30,Female
U00106,Priya Gupta,32,Male
U00107,Sara Nair,22,Male
U00108,Neha Sharma,41,Female
U00109,Yusuf Kapoor,15,Male
U00110,Devika Kapoor,13,Male
U00111,Devika Khan,29,Male
U00112,Yusuf Iyer,36,Male
U00113,Aditi Verma,42,Female
U00114,Aditi Das,22,Female
U00115,Kabir Iyer,36,Female
U00116,Devika Nair,26,Female
U00117,Rahul Menon,25,Female
U00118,Ishaan Singh,34,Male
U00119,Ananya Khan,32,Female
U00120,Aditi Sharma,13,Female
U00121,Rohan Chatterjee,40,Female
U00122,Kabir Singh,39,Female
U00123,Karan Khan,21,Male
U00124,Ishaan Chatterjee,30,Male
U00125,Tara Khan,31,Male
U00126,Priya Rao,29,Male
U00127,Tara Gupta,22,Female
U00128,Kabir Rao,20,Female
U00129,Meera Bose,26,Male
U00130,Meera Das,37,Male
U00131,Vikram Khan,31,Male
U00132,Neha Iyer,23,Male
U00133,Rahul Iyer,33,Male
U00134,Aarav Verma,13,Male
U00135,Devika Kapoor,37,Female
U00136,Vikram Singh,13,Male
U00137,Riya Gupta,23,Male
U00138,Riya Nair,16,Female
U00139,Neha Rao,15,Male
U00140,Neha Singh,37,Other
U00141,Karan Das,22,Female
U00142,Aarav Gupta,30,Male
U00143,Sneha Sharma,26,Male
U00144,Priya Bose,31,Male
U00145,Vikram Bose,27,Male
U00146,Karan Verma,15,Male
U00147,Rahul Iyer,35,Female
U00148,Priya Verma,22,Male
U00149,Sara Nair,13,Male
U00150,Devika Nair,23,Male
U00151,Kabir Khan,40,Female
U00152,Ananya Singh,34,Male
U00153,Arjun Khan,23,Male
U00154,Rahul Chatterjee,23,Male
U00155,Meera Nair,24,Other
U00156,Arjun Khan,45,Male
U00157,Devika Gupta,30,Female
U00158,Tara Reddy,30,Female
U00159,Aarav Iyer,36,Male
U00160,Divya Reddy,29,Female
U00161,Tara Bose,24,Male
U00162,Karan Bose,25,Female
U00163,Ananya Khan,26,Female
U00164,Kabir Nair,26,Female
U00165,Yusuf Joshi,33,Male
U00166,Sneha Singh,27,Female
U00167,Riya Menon,33,Male
U00168,Tara Joshi,26,Male
U00169,Riya Menon,27,Male
U00170,Aarav Reddy,13,Female
U00171,Karan Nair,35,Female
U00172,Riya Chatterjee,30,Male
U00173,Vikram Sharma,35,Male
U00174,Riya Menon,13,Male
U00175,Rahul Das,45,Female
U00176,Rohan Bose,25,Male
U00177,Ananya Sharma,36,Female
U00178,Ishaan Pillai,17,Male
U00179,Rahul Reddy,32,Female
U00180,Sara Iyer,17,Male
U00181,Riya Iyer,21,Male
U00182,Aarav Singh,44,Male
U00183,Sneha Reddy,25,Female
U00184,Sara Sharma,28,Female
U00185,Tara Iyer,34,Male
U00186,Sara Singh,31,Female
U00187,Rohan Chatterjee,28,Female
U00188,Aarav Pillai,30,Female
U00189,Meera Menon,48,Female
U00190,Arjun Sharma,26,Male
U00191,Aarav Nair,28,Male
U00192,Meera Kapoor,36,Female
U00193,Sara Verma,36,Female
U00194,Ananya Kapoor,37,Female
U00195,Ananya Kapoor,32,Male
U00196,Arjun Reddy,16,Male
U00197,Devika Iyer,41,Female
U00198,Priya Sharma,16,Female
U00199,Sara Rao,29,Female
U00200,Riya Bose,20,Female
U00201,Kabir Nair,26,Female
U00202,Aditi Sharma,29,Male
U00203,Priya Das,29,Male
U00204,Aarav Iyer,30,Female
U00205,Karan Verma,41,Female
U00206,Sara Gupta,31,Male
U00207,Ishaan Iyer,24,Male
U00208,Priya Chatterjee,35,Female
U00209,Neha Das,37,Male
U00210,Aditi Joshi,15,Male
U00211,Rohan Kapoor,32,Female
U00212,Karan Chatterjee,33,Female
U00213,Tara Reddy,24,Female
U00214,Aditi Sharma,39,Male
U00215,Vikram Gupta,25,Female
U00216,Aditi Khan,28,Male
U00217,Riya Reddy,25,Male
U00218,Vikram Kapoor,27,Female
U00219,Riya Pillai,17,Female
U00220,Priya Gupta,14,Female
U00221,Divya Pillai,41,Female
U00222,Ishaan Das,19,Female
U00223,Devika Bose,18,Male
U00224,Karan Rao,13,Male
U00225,Rohan Chatterjee,21,Male
U00226,Tara Singh,15,Male
U00227,Sneha Chatterjee,41,Other
U00228,Meera Joshi,36,Male
U00229,Priya Verma,20,Female
U00230,Riya Nair,47,Female
U00231,Tara Gupta,35,Female
U00232,Yusuf Iyer,24,Male
U00233,Riya Chatterjee,13,Female
U00234,Aditi Sharma,47,Male
U00235,Divya Joshi,14,Male
U00236,Ishaan Khan,13,Female
U00237,Divya Sharma,36,Male
U00238,Arjun Sharma,48,Male
U00239,Sneha Singh,39,Female
U00240,Neha Khan,32,Male
U00241,Aditi Joshi,32,Female
U00242,Yusuf Pillai,34,Female
U00243,Ananya Gupta,33,Female
U00244,Sneha Menon,29,Male
U00245,Rohan Joshi,27,Male
U00246,Aarav Nair,26,Female
U00247,Karan Sharma,20,Male
U00248,Kabir Iyer,24,Female
U00249,Meera Bose,13,Female
U00250,Neha Nair,26,Female
U00251,Tara Pillai,18,Male
U00252,Devika Kapoor,17,Male
U00253,Yusuf Bose,28,Female
U00254,Rahul Singh,39,Male
U00255,Vikram Das,35,Male
U00256,Rahul Sharma,13,Female
U00257,Rohan Reddy,18,Female
U00258,Sneha Rao,35,Female
U00259,Ananya Khan,18,Female
U00260,Yusuf Das,24,Male
U00261,Devika Singh,31,Female
U00262,Sara Menon,18,Other
U00263,Sara Rao,27,Male
U00264,Meera Menon,14,Male
U00265,Priya Das,21,Female
U00266,Rohan Singh,29,Female
U00267,Priya Pillai,13,Female
U00268,Rohan Rao,30,Female
U00269,Rahul Reddy,26,Male
U00270,Ishaan Nair,31,Male
U00271,Meera Menon,29,Female
U00272,Aarav Reddy,39,Female
U00273,Devika Menon,28,Female
U00274,Ananya Reddy,23,Female
U00275,Devika Rao,28,Male
U00276,Tara Iyer,31,Male
U00277,Priya Bose,27,Female
U00278,Rohan Joshi,27,Female
U00279,Rohan Reddy,20,Female
U00280,Priya Reddy,21,Female
U00281,Aarav Menon,14,Female
U00282,Rahul Singh,42,Male
U00283,Aditi Pillai,15,Male
U00284,Riya Reddy,20,Male
U00285,Ananya Menon,20,Female
U00286,Karan Menon,35,Male
U00287,Rohan Kapoor,24,Male
U00288,Karan Sharma,38,Female
U00289,Tara Das,20,Male
U00290,Rahul Khan,29,Female
U00291,Aarav Menon,19,Male
U00292,Tara Pillai,46,Male
U00293,Karan Verma,16,Female
U00294,Kabir Rao,29,Male
U00295,Aditi Sharma,32,Male
U00296,Kabir Iyer,30,Female
U00297,Meera Sharma,25,Female
U00298,Ananya Iyer,25,Male
U00299,Tara Sharma,27,Female
U00300,Rahul Iyer,25,Male
U00301,Ananya Kapoor,35,Male
U00302,Neha Das,46,Female
U00303,Arjun Pillai,21,Female
U00304,Arjun Sharma,14,Female
U00305,Rahul Verma,26,Female
U00306,Yusuf Gupta,50,Other
U00307,Devika Menon,19,Male
U00308,Aarav Bose,41,Male
U00309,Karan Kapoor,42,Female
U00310,Ananya Menon,22,Male
U00311,Tara Chatterjee,32,Male
U00312,Sara Menon,41,Male
U00313,Ananya Das,23,Male
U00314,Yusuf Iyer,25,Female
U00315,Kabir Chatterjee,21,Female
U00316,Meera Sharma,17,Female
U00317,Aarav Pillai,21,Male
U00318,Devika Bose,15,Male
U00319,Aditi Singh,27,Male
U00320,Neha Khan,20,Male
U00321,Ishaan Pillai,29,Female
U00322,Rohan Chatterjee,13,Female
U00323,Ishaan Kapoor,29,Female
U00324,Yusuf Gupta,34,Male
U00325,Aditi Menon,13,Female
U00326,Riya Verma,30,Female
U00327,Riya Nair,38,Female
U00328,Rahul Verma,16,Female
U00329,Arjun Bose,42,Male
U00330,Tara Iyer,30,Male
U00331,Kabir Chatterjee,20,Male
U00332,Neha Gupta,26,Female
U00333,Rahul Reddy,32,Male
U00334,Aditi Nair,27,Male
U00335,Neha Chatterjee,31,Male
U00336,Tara Joshi,18,Male
U00337,Rahul Sharma,28,Female
U00338,Ananya Kapoor,14,Female
U00339,Arjun Menon,25,Male
U00340,Meera Sharma,18,Male
U00341,Aditi Reddy,20,Male
U00342,Sneha Singh,38,Male
U00343,Yusuf Chatterjee,36,Male
U00344,Rohan Kapoor,32,Male
U00345,Ishaan Menon,17,Male
U00346,Arjun Das,24,Female
U00347,Vikram Iyer,37,Female
U00348,Yusuf Rao,28,Male
U00349,Ishaan Khan,47,Male
U00350,Aarav Rao,30,Female
U00351,Yusuf Verma,28,Male
U00352,Ishaan Das,24,Female
U00353,Kabir Iyer,28,Female
U00354,Meera Kapoor,25,Male
U00355,Ishaan Reddy,33,Male
U00356,Karan Rao,35,Female
U00357,Aarav Sharma,19,Male
U00358,Priya Joshi,15,Female
U00359,Arjun Verma,13,Female
U00360,Aditi Reddy,31,Female
U00361,Arjun Khan,17,Male
U00362,Riya Kapoor,13,Female
U00363,Sneha Sharma,30,Male
U00364,Rahul Rao,49,Female
U00365,Yusuf Nair,26,Female
U00366,Priya Kapoor,34,Male
U00367,Aarav Iyer,27,Female
U00368,Tara Gupta,26,Female
U00369,Karan Khan,35,Male
U00370,Aditi Iyer,24,Male
U00371,Divya Rao,29,Male
U00372,Rahul Nair,29,Male
U00373,Devika Chatterjee,20,Male
U00374,Kabir Nair,35,Female
U00375,Neha Pillai,25,Male
U00376,Sneha Iyer,20,Male
U00377,Neha Das,31,Female
U00378,Sara Das,18,Male
U00379,Meera Pillai,27,Female
U00380,Aditi Sharma,26,Male
U00381,Ananya Reddy,36,Male
U00382,Tara Kapoor,31,Female
U00383,Priya Nair,26,Female
U00384,Ananya Reddy,34,Female
U00385,Sneha Das,39,Female
U00386,Sara Rao,32,Female
U00387,Riya Gupta,27,Male
U00388,Ananya Kapoor,15,Male
U00389,Aarav Khan,17,Female
U00390,Kabir Pillai,24,Female
U00391,Neha Iyer,21,Other
U00392,Aarav Pillai,25,Male
U00393,Kabir Sharma,27,Male
U00394,Vikram Khan,31,Female
U00395,Rohan Khan,26,Male
U00396,Arjun Rao,31,Female
U00397,Yusuf Joshi,27,Female
U00398,Aditi Joshi,13,Male
U00399,Sara Joshi,18,Female
U00400,Ishaan Pillai,25,Female
U00401,Rahul Gupta,16,Male
U00402,Neha Das,32,Female
U00403,Rahul Bose,40,Male
U00404,Tara Iyer,37,Female
U00405,Rohan Singh,25,Male
U00406,Rahul Rao,40,Female
U00407,Ishaan Joshi,28,Male
U00408,Meera Nair,23,Male
U00409,Aarav Reddy,21,Female
U00410,Tara Reddy,24,Male
U00411,Aarav Joshi,23,Male
U00412,Vikram Menon,28,Female
U00413,Ananya Bose,28,Female
U00414,Aditi Joshi,27,Female
U00415,Aditi Gupta,30,Female
U00416,Priya Das,37,Male
U00417,Vikram Bose,35,Male
U00418,Rahul Sharma,13,Male
U00419,Yusuf Verma,13,Female
U00420,Tara Kapoor,35,Female
U00421,Aditi Verma,14,Female
U00422,Riya Bose,24,Female
U00423,Kabir Pillai,16,Male
U00424,Sara Khan,13,Male
U00425,Meera Pillai,31,Male
U00426,Sara Nair,33,Female
U00427,Kabir Khan,21,Male
U00428,Sara Gupta,13,Female
U00429,Meera Das,22,Male
U00430,Sara Nair,30,Male
U00431,Aditi Sharma,13,Male
U00432,Sara Menon,28,Female
U00433,Priya Bose,26,Female
U00434,Ishaan Pillai,32,Male
U00435,Riya Singh,28,Male
U00436,Ananya Chatterjee,18,Female
U00437,Aditi Kapoor,37,Male
U00438,Riya Singh,25,Female
U00439,Tara Rao,26,Female
U00440,Tara Reddy,18,Male
U00441,Ananya Nair,23,Male
U00442,Neha Kapoor,19,Other
U00443,Tara Gupta,25,Male
U00444,Rohan Singh,42,Male
U00445,Kabir Bose,14,Female
U00446,Priya Menon,13,Female
U00447,Neha Joshi,40,Other
U00448,Vikram Verma,25,Female
U00449,Tara Pillai,20,Male
U00450,Riya Verma,36,Male
U00451,Vikram Reddy,21,Female
U00452,Arjun Rao,43,Female
U00453,Aarav Singh,33,Male
U00454,Vikram Iyer,22,Female
U00455,Aarav Rao,46,Male
U00456,Devika Singh,21,Male
U00457,Sara Kapoor,33,Male
U00458,Yusuf Verma,29,Male
U00459,Kabir Kapoor,38,Male
U00460,Aarav Iyer,41,Male
U00461,Rahul Kapoor,27,Male
U00462,Priya Gupta,20,Female
U00463,Priya Reddy,31,Female
U00464,Neha Pillai,20,Female
U00465,Vikram Menon,45,Female
U00466,Karan Menon,28,Male
U00467,Devika Menon,23,Male
U00468,Ishaan Pillai,28,Female
U00469,Ishaan Verma,14,Male
U00470,Sara Singh,18,Female
U00471,Rohan Kapoor,37,Male
U00472,Aarav Pillai,21,Female
U00473,Karan Chatterjee,17,Male
U00474,Ananya Das,31,Female
U00475,Sneha Pillai,37,Female
U00476,Kabir Joshi,33,Other
U00477,Meera Pillai,35,Male
U00478,Devika Sharma,20,Female
U00479,Priya Khan,14,Female
U00480,Tara Pillai,40,Female
U00481,Divya Kapoor,24,Female
U00482,Meera Rao,24,Female
U00483,Ananya Bose,38,Male
U00484,Arjun Kapoor,32,Female
U00485,Sara Pillai,31,Female
U00486,Priya Khan,46,Female
U00487,Karan Das,21,Male
U00488,Sneha Khan,35,Male
U00489,Rahul Rao,27,Female
U00490,Rahul Kapoor,29,Female
U00491,Kabir Menon,40,Male
U00492,Riya Chatterjee,31,Female
U00493,Vikram Menon,31,Male
U00494,Vikram Kapoor,36,Male
U00495,Rohan Joshi,23,Male
U00496,Divya Das,19,Male
U00497,Divya Menon,17,Female
U00498,Aarav Pillai,13,Male
U00499,Sara Das,45,Other
U00500,Rohan Verma,17,Other
U00501,Divya Gupta,25,Female
U00502,Yusuf Joshi,24,Female
U00503,Sara Pillai,29,Male
U00504,Arjun Singh,34,Female
U00505,Aarav Gupta,34,Female
U00506,Arjun Gupta,21,Male
U00507,Aditi Joshi,25,Female
U00508,Kabir Pillai,29,Female
U00509,Neha Kapoor,24,Female
U00510,Karan Nair,41,Female
U00511,Rahul Nair,31,Female
U00512,Aarav Bose,33,Male
U00513,Karan Pillai,32,Female
U00514,Arjun Chatterjee,37,Female
U00515,Devika Das,28,Male
U00516,Sneha Iyer,15,Male
U00517,Divya Sharma,30,Male
U00518,Vikram Sharma,21,Female
U00519,Sneha Bose,22,Other
U00520,Arjun Kapoor,32,Male
U00521,Priya Bose,38,Female
U00522,Sneha Rao,27,Male
U00523,Neha Verma,29,Female
U00524,Riya Reddy,42,Female
U00525,Neha Menon,29,Female
U00526,Vikram Bose,50,Male
U00527,Meera Chatterjee,32,Male
U00528,Kabir Reddy,13,Male
U00529,Yusuf Verma,33,Male
U00530,Vikram Menon,30,Female
U00531,Aditi Reddy,38,Female
U00532,Arjun Pillai,33,Other
U00533,Devika Rao,25,Other
U00534,Ishaan Kapoor,15,Female
U00535,Rahul Gupta,25,Female
U00536,Kabir Menon,19,Female
U00537,Priya Bose,21,Female
U00538,Aarav Pillai,32,Male
U00539,Kabir Sharma,42,Male
U00540,Priya Iyer,30,Male
U00541,Ishaan Menon,16,Female
U00542,Tara Reddy,31,Female
U00543,Ishaan Joshi,37,Male
U00544,Riya Khan,21,Female
U00545,Priya Reddy,25,Female
U00546,Arjun Bose,27,Male
U00547,Neha Chatterjee,19,Male
U00548,Yusuf Sharma,32,Female
U00549,Karan Pillai,25,Female
U00550,Aarav Pillai,30,Female
U00551,Ishaan Das,19,Female
U00552,Priya Gupta,23,Female
U00553,Riya Khan,33,Female
U00554,Rahul Gupta,23,Female
U00555,Karan Kapoor,42,Female
U00556,Tara Menon,23,Male
U00557,Rohan Das,29,Male
U00558,Ishaan Singh,35,Male
U00559,Devika Pillai,14,Female
U00560,Tara Nair,13,Female
U00561,Ishaan Joshi,13,Female
U00562,Rohan Nair,38,Male
U00563,Sneha Bose,22,Male
U00564,Sneha Gupta,50,Male
U00565,Divya Verma,21,Male
U00566,Karan Reddy,28,Female
U00567,Sara Das,40,Male
U00568,Devika Reddy,45,Male
U00569,Neha Menon,45,Female
U00570,Ishaan Kapoor,37,Male
U00571,Yusuf Menon,36,Male
U00572,Yusuf Chatterjee,32,Female
U00573,Ishaan Khan,34,Male
U00574,Divya Khan,22,Female
U00575,Ananya Menon,19,Female
U00576,Ananya Reddy,26,Female
U00577,Rahul Reddy,25,Male
U00578,Tara Sharma,22,Female
U00579,Meera Iyer,33,Male
U00580,Aditi Bose,35,Male
U00581,Vikram Rao,27,Male
U00582,Yusuf Bose,40,Other
U00583,Sara Kapoor,16,Male
U00584,Neha Joshi,25,Male
U00585,Yusuf Iyer,20,Female
U00586,Yusuf Pillai,13,Male
U00587,Aditi Nair,26,Male
U00588,Ishaan Bose,25,Male
U00589,Divya Chatterjee,40,Male
U00590,Devika Joshi,32,Male
U00591,Arjun Gupta,17,Male
U00592,Kabir Kapoor,43,Female
U00593,Rohan Khan,37,Male
U00594,Sara Reddy,32,Male
U00595,Rohan Iyer,24,Female
U00596,Ishaan Chatterjee,18,Male
U00597,Divya Chatterjee,23,Female
U00598,Ishaan Reddy,36,Male
U00599,Devika Chatterjee,43,Male
U00600,Vikram Das,40,Male
U00601,Sara Pillai,22,Male
U00602,Devika Iyer,16,Male
U00603,Riya Joshi,28,Male
U00604,Ishaan Nair,13,Male
U00605,Riya Kapoor,29,Male
U00606,Aarav Chatterjee,25,Male
U00607,Riya Menon,22,Male
U00608,Ananya Gupta,13,Male
U00609,Tara Iyer,31,Male
U00610,Sneha Das,22,Female
U00611,Sara Bose,16,Male
U00612,Vikram Bose,13,Female
U00613,Neha Iyer,26,Female
U00614,Meera Khan,42,Male
U00615,Divya Sharma,41,Female
U00616,Sara Pillai,22,Female
U00617,Rahul Joshi,21,Male
U00618,Tara Joshi,31,Male
U00619,Ishaan Verma,18,Female
U00620,Yusuf Nair,29,Female
U00621,Divya Das,33,Male
U00622,Rohan Menon,38,Male
U00623,Devika Verma,26,Male
U00624,Arjun Chatterjee,25,Male
U00625,Rahul Pillai,19,Female
U00626,Devika Bose,19,Male
U00627,Sneha Iyer,24,Male
U00628,Priya Khan,30,Female
U00629,Vikram Chatterjee,35,Male
U00630,Vikram Rao,19,Male
U00631,Vikram Menon,40,Female
U00632,Neha Pillai,24,Female
U00633,Vikram Kapoor,26,Male
U00634,Rahul Nair,20,Female
U00635,Sara Iyer,13,Male
U00636,Kabir Pillai,34,Male
U00637,Karan Khan,33,Female
U00638,Karan Bose,24,Male
U00639,Yusuf Pillai,27,Male
U00640,Arjun Bose,31,Male
U00641,Rohan Bose,13,Male
U00642,Ishaan Rao,22,Male
U00643,Neha Pillai,34,Male
U00644,Sneha Pillai,15,Male
U00645,Arjun Das,29,Male
U00646,Vikram Pillai,14,Female
U00647,Neha Chatterjee,31,Female
U00648,Priya Rao,26,Female
U00649,Riya Rao,13,Female
U00650,Sara Sharma,37,Male
U00651,Rahul Singh,20,Male
U00652,Rahul Khan,19,Female
U00653,Rohan Singh,28,Female
U00654,Kabir Singh,37,Female
U00655,Riya Verma,17,Male
U00656,Tara Rao,27,Male
U00657,Vikram Sharma,30,Male
U00658,Aarav Das,33,Male
U00659,Aarav Bose,28,Female
U00660,Meera Kapoor,23,Female
U00661,Sara Pillai,19,Male
U00662,Ananya Chatterjee,27,Other
U00663,Devika Das,17,Female
U00664,Yusuf Kapoor,13,Male
U00665,Riya Singh,30,Male
U00666,Divya Rao,35,Male
U00667,Arjun Gupta,13,Male
U00668,Meera Singh,17,Male
U00669,Priya Pillai,32,Male
U00670,Yusuf Pillai,45,Male
U00671,Meera Iyer,27,Male
U00672,Vikram Kapoor,20,Female
U00673,Kabir Sharma,25,Male
U00674,Sara Khan,39,Female
U00675,Arjun Gupta,21,Male
U00676,Kabir Singh,19,Other
U00677,Neha Bose,22,Male
U00678,Karan Rao,18,Male
U00679,Meera Chatterjee,28,Female
U00680,Kabir Pillai,41,Female
U00681,Arjun Bose,29,Female
U00682,Arjun Chatterjee,24,Male
U00683,Priya Rao,24,Male
U00684,Priya Kapoor,13,Female
U00685,Rohan Pillai,34,Female
U00686,Arjun Chatterjee,26,Female
U00687,Vikram Joshi,25,Female
U00688,Arjun Joshi,55,Male
U00689,Priya Das,29,Female
U00690,Priya Pillai,20,Male
U00691,Divya Sharma,23,Male
U00692,Sneha Joshi,37,Male
U00693,Devika Singh,28,Male
U00694,Ananya Bose,14,Male
U00695,Devika Nair,35,Male
U00696,Karan Kapoor,20,Female
U00697,Kabir Bose,43,Male
U00698,Rahul Verma,36,Female
U00699,Sara Iyer,22,Male
U00700,Devika Kapoor,38,Male
U00701,Sara Reddy,27,Female
U00702,Karan Sharma,34,Male
U00703,Aditi Bose,31,Male
U00704,Kabir Sharma,19,Male
U00705,Vikram Verma,21,Male
U00706,Kabir Nair,36,Other
U00707,Neha Chatterjee,23,Male
U00708,Vikram Menon,23,Female
U00709,Aarav Menon,18,Male
U00710,Kabir Nair,30,Female
U00711,Sneha Sharma,45,Female
U00712,Riya Nair,17,Female
U00713,Rohan Reddy,27,Male
U00714,Yusuf Bose,39,Male
U00715,Sara Joshi,26,Male
U00716,Meera Kapoor,31,Female
U00717,Yusuf Kapoor,17,Female
U00718,Neha Joshi,30,Female
U00719,Yusuf Kapoor,25,Male
U00720,Ishaan Khan,35,Female
U00721,Riya Nair,37,Female
U00722,Sara Chatterjee,50,Male
U00723,Tara Iyer,32,Male
U00724,Aarav Singh,29,Female
U00725,Devika Das,28,Female
U00726,Divya Bose,23,Female
U00727,Devika Joshi,30,Male
U00728,Aditi Singh,24,Female
U00729,Devika Singh,28,Male
U00730,Aarav Sharma,38,Male
U00731,Divya Gupta,17,Male
U00732,Ishaan Verma,37,Female
U00733,Riya Singh,38,Female
U00734,Aarav Rao,25,Female
U00735,Aditi Kapoor,13,Male
U00736,Neha Singh,21,Female
U00737,Vikram Chatterjee,38,Male
U00738,Divya Sharma,26,Female
U00739,Ishaan Chatterjee,18,Male
U00740,Rahul Joshi,22,Male
U00741,Tara Menon,34,Male
U00742,Meera Menon,31,Male
U00743,Sara Sharma,24,Female
U00744,Vikram Nair,23,Male
U00745,Arjun Reddy,23,Male
U00746,Yusuf Reddy,18,Female
U00747,Sneha Kapoor,41,Male
U00748,Tara Reddy,24,Female
U00749,Vikram Singh,37,Female
U00750,Sara Gupta,40,Female
U00751,Tara Menon,35,Male
U00752,Sara Khan,23,Female
U00753,Tara Verma,30,Female
U00754,Vikram Gupta,26,Male
U00755,Meera Rao,18,Male
U00756,Sara Reddy,29,Female
U00757,Tara Chatterjee,16,Female
U00758,Arjun Rao,37,Female
U00759,Rohan Reddy,22,Female
U00760,Sneha Gupta,28,Female
U00761,Devika Iyer,29,Male
U00762,Sara Menon,24,Male
U00763,Karan Das,32,Male
U00764,Kabir Iyer,22,Female
U00765,Sara Singh,34,Male
U00766,Karan Nair,14,Female
U00767,Neha Gupta,28,Female
U00768,Priya Joshi,44,Female
U00769,Vikram Chatterjee,17,Male
U00770,Aditi Das,20,Female
U00771,Yusuf Pillai,31,Male
U00772,Vikram Sharma,28,Female
U00773,Divya Chatterjee,30,Male
U00774,Riya Verma,31,Male
U00775,Karan Reddy,32,Female
U00776,Divya Menon,36,Male
U00777,Ananya Bose,30,Male
U00778,Riya Chatterjee,24,Female
U00779,Divya Bose,33,Female
U00780,Neha Kapoor,44,Female
U00781,Rohan Gupta,25,Female
U00782,Rahul Singh,18,Female
U00783,Devika Pillai,36,Male
U00784,Vikram Das,25,Male
U00785,Tara Gupta,13,Male
U00786,Sneha Gupta,34,Female
U00787,Riya Sharma,22,Female
U00788,Aarav Gupta,26,Male
U00789,Divya Singh,29,Male
U00790,Divya Das,28,Female
U00791,Aarav Verma,33,Male
U00792,Yusuf Iyer,23,Female
U00793,Divya Nair,31,Male
U00794,Karan Nair,24,Female
U00795,Riya Nair,33,Male
U00796,Riya Sharma,32,Female
U00797,Rohan Joshi,18,Female
U00798,Priya Das,36,Female
U00799,Devika Sharma,22,Female
U00800,Devika Reddy,34,Female
U00801,Aditi Iyer,30,Female
U00802,Arjun Kapoor,43,Male
U00803,Aarav Das,24,Female
U00804,Neha Iyer,23,Female
U00805,Aarav Joshi,26,Male
U00806,Sneha Reddy,24,Female
U00807,Sara Menon,34,Female
U00808,Riya Rao,13,Female
U00809,Aarav Nair,17,Male
U00810,Karan Menon,17,Male
U00811,Yusuf Khan,35,Other
U00812,Priya Reddy,42,Female
U00813,Vikram Nair,26,Male
U00814,Priya Chatterjee,25,Female
U00815,Yusuf Das,27,Female
U00816,Devika Sharma,37,Male
U00817,Vikram Nair,18,Female
U00818,Ishaan Kapoor,29,Male
U00819,Sneha Das,35,Male
U00820,Kabir Khan,31,Male
U00821,Sneha Chatterjee,28,Female
U00822,Kabir Reddy,36,Male
U00823,Sneha Singh,13,Male
U00824,Riya Verma,33,Male
U00825,Aditi Chatterjee,21,Female
U00826,Tara Joshi,13,Female
U00827,Ishaan Rao,31,Male
U00828,Divya Rao,39,Male
U00829,Meera Das,25,Female
U00830,Kabir Menon,35,Male
U00831,Vikram Bose,41,Male
U00832,Ananya Nair,38,Male
U00833,Aarav Verma,41,Male
U00834,Devika Singh,33,Male
U00835,Divya Sharma,27,Male
U00836,Vikram Khan,13,Male
U00837,Aarav Sharma,24,Female
U00838,Aditi Singh,19,Male
U00839,Rahul Reddy,46,Female
U00840,Rahul Khan,25,Female
U00841,Aarav Sharma,28,Male
U00842,Arjun Gupta,31,Female
U00843,Kabir Pillai,27,Male
U00844,Vikram Joshi,42,Female
U00845,Aarav Sharma,21,Male
U00846,Sara Reddy,28,Male
U00847,Kabir Sharma,20,Male
U00848,Arjun Sharma,15,Other
U00849,Riya Joshi,21,Male
U00850,Kabir Reddy,26,Female
U00851,Priya Joshi,23,Male
U00852,Neha Bose,20,Female
U00853,Vikram Kapoor,14,Male
U00854,Aarav Reddy,26,Female
U00855,Kabir Sharma,13,Male
U00856,Priya Rao,33,Male
U00857,Arjun Khan,27,Male
U00858,Sara Nair,13,Male
U00859,Rohan Das,24,Female
U00860,Aarav Khan,20,Male
U00861,Devika Reddy,29,Female
U00862,Arjun Menon,39,Male
U00863,Yusuf Verma,13,Female
U00864,Karan Sharma,28,Male
U00865,Neha Joshi,25,Male
U00866,Kabir Nair,33,Female
U00867,Divya Nair,28,Male
U00868,Aarav Gupta,20,Male
U00869,Ishaan Bose,24,Female
U00870,Divya Gupta,19,Female
U00871,Sara Gupta,36,Male
U00872,Tara Iyer,27,Male
U00873,Karan Gupta,44,Female
U00874,Riya Rao,26,Male
U00875,Vikram Chatterjee,20,Male
U00876,Sara Nair,13,Male
U00877,Ishaan Verma,13,Female
U00878,Aditi Gupta,13,Female
U00879,Karan Kapoor,29,Male
U00880,Arjun Das,31,Male
U00881,Neha Khan,13,Male
U00882,Riya Bose,35,Female
U00883,Aarav Joshi,22,Male
U00884,Karan Chatterjee,28,Male
U00885,Riya Rao,41,Female
U00886,Riya Joshi,35,Male
U00887,Karan Kapoor,24,Female
U00888,Kabir Verma,18,Male
U00889,Priya Reddy,13,Male
U00890,Vikram Chatterjee,20,Male
U00891,Aarav Menon,25,Female
U00892,Ananya Nair,18,Female
U00893,Kabir Verma,25,Female
U00894,Vikram Nair,27,Male
U00895,Divya Gupta,24,Female
U00896,Meera Das,21,Male
U00897,Riya Gupta,28,Male
U00898,Rahul Reddy,30,Female
U00899,Yusuf Verma,17,Male
U00900,Sneha Khan,39,Male
U00901,Meera Rao,26,Male
U00902,Rohan Menon,27,Male
U00903,Kabir Nair,33,Male
U00904,Sneha Joshi,29,Female
U00905,Arjun Chatterjee,35,Male
U00906,Neha Rao,29,Female
U00907,Karan Kapoor,21,Female
U00908,Arjun Pillai,30,Male
U00909,Rahul Verma,16,Male
U00910,Aarav Chatterjee,27,Male
U00911,Ananya Khan,26,Female
U00912,Rahul Iyer,25,Male
U00913,Arjun Pillai,25,Female
U00914,Priya Das,13,Male
U00915,Ishaan Menon,22,Female
U00916,Sara Pillai,27,Male
U00917,Karan Bose,28,Male
U00918,Karan Sharma,17,Female
U00919,Ananya Gupta,38,Female
U00920,Sneha Pillai,19,Male
U00921,Arjun Gupta,35,Female
U00922,Aditi Iyer,30,Male
U00923,Riya Nair,21,Female
U00924,Ishaan Kapoor,42,Female
U00925,Rahul Gupta,16,Male
U00926,Ananya Rao,35,Male
U00927,Divya Nair,36,Male
U00928,Neha Sharma,20,Female
U00929,Yusuf Sharma,39,Female
U00930,Ananya Singh,24,Male
U00931,Rahul Gupta,29,Male
U00932,Aarav Khan,29,Female
U00933,Aarav Iyer,25,Other
U00934,Rohan Kapoor,34,Female
U00935,Riya Bose,34,Male
U00936,Rahul Joshi,13,Male
U00937,Rahul Singh,38,Male
U00938,Neha Das,13,Female
U00939,Ananya Singh,36,Male
U00940,Neha Gupta,37,Female
U00941,Devika Pillai,17,Male
U00942,Rohan Das,23,Female
U00943,Priya Menon,17,Female
U00944,Ishaan Khan,25,Female
U00945,Kabir Nair,24,Male
U00946,Sara Pillai,34,Male
U00947,Rohan Rao,38,Male
U00948,Rahul Verma,39,Female
U00949,Ishaan Pillai,21,Female
U00950,Sara Gupta,25,Female
U00951,Yusuf Gupta,13,Female
U00952,Riya Reddy,19,Female
U00953,Divya Menon,35,Male
U00954,Aarav Bose,41,Female
U00955,Riya Das,15,Male
U00956,Divya Rao,21,Male
U00957,Kabir Iyer,26,Male
U00958,Meera Reddy,29,Male
U00959,Rohan Das,19,Male
U00960,Aarav Bose,30,Female
U00961,Vikram Nair,22,Male
U00962,Aarav Nair,26,Female
U00963,Neha Bose,31,Male
U00964,Vikram Rao,27,Male
U00965,Divya Kapoor,23,Male
U00966,Ishaan Sharma,26,Male
U00967,Sara Chatterjee,26,Female
U00968,Karan Khan,23,Male
U00969,Vikram Khan,24,Female
U00970,Riya Iyer,41,Male
U00971,Aarav Rao,32,Female
U00972,Sneha Joshi,24,Female
U00973,Riya Joshi,33,Female
U00974,Rahul Nair,23,Male
U00975,Kabir Iyer,37,Male
U00976,Sneha Kapoor,30,Male
U00977,Priya Bose,26,Female
U00978,Karan Bose,31,Male
U00979,Neha Iyer,13,Male
U00980,Tara Kapoor,16,Female
U00981,Rahul Khan,16,Male
U00982,Sneha Menon,28,Female
U00983,Devika Kapoor,42,Male
U00984,Devika Singh,47,Male
U00985,Arjun Bose,32,Female
U00986,Karan Verma,31,Male
U00987,Riya Verma,13,Female
U00988,Sneha Reddy,22,Male
U00989,Karan Joshi,19,Male
U00990,Kabir Gupta,21,Female
U00991,Rohan Kapoor,25,Female
U00992,Ishaan Joshi,22,Female
U00993,Karan Reddy,13,Male
U00994,Devika Iyer,33,Female
U00995,Aarav Iyer,17,Male
U00996,Ananya Nair,29,Male
U00997,Tara Gupta,45,Female
U00998,Arjun Reddy,18,Male
U00999,Devika Bose,13,Female
U01000,Aarav Singh,24,Male
U01001,Devika Singh,36,Male
U01002,Karan Verma,44,Female
U01003,Yusuf Khan,15,Female
U01004,Devika Nair,31,Female
U01005,Ishaan Khan,22,Female
U01006,Karan Kapoor,26,Female
U01007,Divya Verma,50,Female
U01008,Kabir Das,13,Female
U01009,Ananya Das,29,Male
U01010,Meera Iyer,31,Male
U01011,Tara Das,36,Male
U01012,Priya Singh,27,Other
U01013,Tara Bose,29,Female
U01014,Rohan Menon,23,Male
U01015,Devika Das,29,Female
U01016,Rohan Verma,23,Female
U01017,Sara Pillai,32,Male
U01018,Riya Pillai,23,Female
U01019,Neha Nair,30,Female
U01020,Ishaan Chatterjee,26,Male
U01021,Aditi Menon,37,Female
U01022,Karan Nair,26,Male
U01023,Aarav Verma,13,Female
U01024,Divya Bose,38,Other
U01025,Sara Sharma,18,Female
U01026,Ishaan Rao,21,Male
U01027,Aditi Bose,21,Female
U01028,Rahul Nair,39,Female
U01029,Rohan Das,13,Male
U01030,Karan Rao,55,Female
U01031,Tara Das,36,Male
U01032,Ishaan Chatterjee,29,Female
U01033,Yusuf Menon,26,Male
U01034,Ishaan Kapoor,29,Male
U01035,Priya Rao,31,Male
U01036,Priya Das,32,Female
U01037,Sara Reddy,32,Male
U01038,Rohan Sharma,27,Female
U01039,Riya Verma,25,Male
U01040,Devika Reddy,25,Male
U01041,Rahul Rao,25,Female
U01042,Rahul Chatterjee,37,Female
U01043,Aditi Kapoor,32,Male
U01044,Ananya Reddy,13,Female
U01045,Rahul Bose,32,Female
U01046,Sneha Reddy,28,Female
U01047,Riya Kapoor,26,Male
U01048,Devika Verma,23,Male
U01049,Ishaan Menon,37,Female
U01050,Ananya Pillai,35,Male
U01051,Rohan Pillai,20,Female
U01052,Rohan Rao,30,Female
U01053,Vikram Singh,18,Female
U01054,Divya Das,14,Female
U01055,Ananya Das,21,Other
U01056,Rohan Pillai,34,Male
U01057,Devika Nair,35,Female
U01058,Rohan Sharma,31,Male
U01059,Tara Rao,33,Male
U01060,Karan Chatterjee,31,Female
U01061,Rohan Bose,21,Female
U01062,Neha Verma,30,Other
U01063,Aarav Rao,34,Female
U01064,Sneha Rao,33,Male
U01065,Devika Kapoor,37,Male
U01066,Meera Chatterjee,33,Female
U01067,Rahul Joshi,30,Male
U01068,Neha Khan,36,Male
U01069,Yusuf Chatterjee,26,Male
U01070,Neha Verma,19,Male
U01071,Divya Reddy,25,Male
U01072,Arjun Iyer,20,Male
U01073,Kabir Iyer,20,Male
U01074,Neha Bose,25,Male
U01075,Riya Kapoor,19,Other
U01076,Karan Chatterjee,24,Male
U01077,Aditi Kapoor,13,Male
U01078,Karan Iyer,28,Female
U01079,Yusuf Reddy,27,Male
U01080,Priya Nair,19,Female
U01081,Kabir Menon,32,Female
U01082,Riya Menon,35,Male
U01083,Sneha Iyer,13,Male
U01084,Vikram Gupta,20,Female
U01085,Neha Nair,20,Female
U01086,Neha Reddy,18,Male
U01087,Divya Pillai,34,Female
U01088,Sara Kapoor,25,Male
U01089,Neha Kapoor,24,Other
U01090,Meera Joshi,13,Male
U01091,Aarav Rao,32,Female
U01092,Sara Singh,15,Female
U01093,Aarav Rao,27,Female
U01094,Rohan Khan,29,Male
U01095,Kabir Menon,39,Male
U01096,Devika Nair,15,Male
U01097,Vikram Pillai,13,Male
U01098,Neha Bose,28,Male
U01099,Ishaan Sharma,43,Female
U01100,Priya Sharma,38,Male
U01101,Tara Joshi,28,Male
U01102,Vikram Kapoor,22,Female
U01103,Devika Gupta,34,Female
U01104,Sneha Singh,18,Female
U01105,Arjun Bose,31,Other
U01106,Rohan Kapoor,31,Male
U01107,Sneha Rao,36,Male
U01108,Vikram Nair,51,Female
U01109,Aditi Iyer,30,Female
U01110,Divya Nair,22,Male
U01111,Ishaan Nair,26,Female
U01112,Aarav Reddy,13,Male
U01113,Ishaan Kapoor,20,Male
U01114,Riya Gupta,23,Female
U01115,Devika Joshi,22,Female
U01116,Priya Sharma,28,Female
U01117,Aarav Sharma,19,Male
U01118,Sara Verma,37,Female
U01119,Devika Reddy,27,Male
U01120,Vikram Kapoor,26,Male
U01121,Riya Gupta,24,Female
U01122,Aditi Gupta,28,Female
U01123,Priya Khan,34,Female
U01124,Divya Rao,19,Female
U01125,Devika Kapoor,21,Female
U01126,Devika Singh,24,Female
U01127,Meera Iyer,14,Male
U01128,Tara Reddy,19,Male
U01129,Tara Reddy,22,Male
U01130,Kabir Menon,34,Male
U01131,Kabir Kapoor,29,Female
U01132,Devika Bose,28,Male
U01133,Kabir Reddy,34,Male
U01134,Ishaan Gupta,25,Male
U01135,Vikram Iyer,30,Female
U01136,Vikram Das,26,Male
U01137,Riya Gupta,29,Female
U01138,Ishaan Kapoor,21,Male
U01139,Ananya Iyer,13,Male
U01140,Tara Pillai,25,Female
U01141,Meera Gupta,39,Female
U01142,Divya Bose,35,Male
U01143,Neha Menon,35,Female
U01144,Rahul Menon,38,Female
U01145,Ishaan Reddy,27,Male
U01146,Rohan Menon,28,Female
U01147,Tara Pillai,21,Female
U01148,Arjun Joshi,24,Female
U01149,Devika Reddy,32,Female
U01150,Sara Das,37,Female
U01151,Aditi Gupta,25,Female
U01152,Vikram Chatterjee,22,Female
U01153,Devika Reddy,27,Female
U01154,Aarav Chatterjee,32,Female
U01155,Meera Menon,14,Female
U01156,Meera Kapoor,13,Female
U01157,Karan Singh,22,Male
U01158,Divya Das,16,Female
U01159,Arjun Joshi,22,Female
U01160,Divya Menon,25,Male
U01161,Tara Khan,22,Female
U01162,Sneha Joshi,40,Male
U01163,Riya Singh,29,Male
U01164,Kabir Singh,29,Female
U01165,Devika Reddy,32,Male
U01166,Karan Menon,16,Female
U01167,Sara Nair,36,Female
U01168,Neha Das,26,Male
U01169,Ishaan Rao,33,Male
U01170,Ananya Nair,17,Male
U01171,Kabir Nair,13,Female
U01172,Yusuf Rao,34,Other
U01173,Ishaan Bose,30,Female
U01174,Tara Sharma,18,Male
U01175,Karan Joshi,19,Female
U01176,Neha Gupta,37,Female
U01177,Sara Gupta,16,Female
U01178,Riya Joshi,41,Male
U01179,Devika Kapoor,18,Female
U01180,Kabir Bose,32,Female
U01181,Neha Chatterjee,24,Female
U01182,Tara Reddy,32,Male
U01183,Rahul Menon,22,Female
U01184,Aarav Khan,25,Female
U01185,Devika Das,27,Male
U01186,Arjun Pillai,17,Female
U01187,Rahul Nair,33,Female
U01188,Sara Verma,22,Male
U01189,Sara Singh,24,Male
U01190,Rahul Das,18,Female
U01191,Meera Pillai,13,Male
U01192,Yusuf Reddy,25,Female
U01193,Devika Sharma,48,Male
U01194,Aditi Rao,34,Female
U01195,Rohan Iyer,26,Male
U01196,Sara Iyer,24,Female
U01197,Ishaan Reddy,27,Other
U01198,Karan Sharma,31,Female
U01199,Meera Joshi,16,Female
U01200,Yusuf Singh,37,Male
